{
   "auto_collapse" : 6,
   "bg_color" : [ 0.58823499999999995, 0.58823499999999995, 0.58823499999999995 ],
   "body" : [
      [ 0, 0, 0, -1, -1, 0, 0, 0 ],
      [ 0, 0, 0, -1, -1, 0, 0, 0 ],
      [ 0, 0, 0, -1, -1, 0, 0, 0 ],
      [ 0, 0, 0, -1, -1, 0, 0, 0 ],
      [ 0, 0, 0, -1, -1, 0, 0, 0 ],
      [ 1, 1, 1, -1, -1, 0, 0, 0 ],
      [ 0, 0, 0, -1, -1, 0, 0, 0 ],
      [ 0, 0, 0, -1, -1, 0, 0, 0 ],
      [ 0, 0, 0, -1, -1, 0, 0, 0 ],
      [ 0, 0, 0, -1, -1, 1, 1, 1 ],
      [ 0, 0, 0, -1, -1, 0, 0, 0 ],
      [ 0, 0, 0, -1, -1, 0, 0, 0 ],
      [ 0, 0, 0, -1, -1, 0, 0, 0 ],
      [ 0, 0, 0, -1, -1, 0, 0, 0 ],
      [ 1, 1, 1, -1, -1, 0, 0, 0 ],
      [ 0, 0, 0, -1, -1, 0, 0, 0 ],
      [ 0, 0, 0, -1, -1, 0, 0, 0 ],
      [ 0, 0, 0, -1, -1, 1, 1, 1 ],
      [ 0, 0, 0, -1, -1, 0, 0, 0 ],
      [ 1, 1, 1, -1, -1, 0, 0, 0 ],
      [ 0, 0, 0, -1, -1, 0, 0, 0 ],
      [ 0, 0, 0, -1, -1, 0, 0, 0 ],
      [ 0, 0, 0, -1, -1, 1, 1, 1 ],
      [ 0, 0, 0, -1, -1, 0, 0, 0 ],
      [ 0, 0, 0, -1, -1, 0, 0, 0 ],
      [ 0, 0, -1, -1, -1, -1, 0, 0 ],
      [ 0, 0, -1, -1, -1, -1, 0, 0 ],
      [ 0, 0, -1, 1, 1, -1, 0, 0 ],
      [ 0, 0, 0, 0, 0, 0, 0, 0 ],
      [ -1, -1, -1, 0, 0, -1, -1, -1 ],
      [ -1, 0, 0, 0, 0, 0, 0, -1 ],
      [ -1, 0, 0, 0, 0, 0, 0, -1 ],
      [ -1, 0, 0, 1, 1, 0, 0, -1 ],
      [ -1, -1, -1, 0, 0, -1, -1, -1 ],
      [ -1, -1, -1, 0, 0, -1, -1, -1 ]
   ],
   "build_speed" : 0.55000001192092896,
   "camera" : "normal",
   "collapse_speed" : 0.57999998331069946,
   "color" : [ 0.91372600000000004, 0.91372600000000004, 0.0078431400000000002 ],
   "items" : [
      [ 1, 1, 5 ],
      [ 6, 1, 9 ],
      [ 1, 1, 14 ],
      [ 6, 1, 17 ],
      [ 2, 1, 19 ],
      [ 5, 1, 22 ],
      [ 4, 1, 27 ],
      [ 3, 1, 32 ]
   ],
   "light_tween" : "default",
   "pickable" : 1,
   "switches" : [
      {
         "position" : [ 6, 0, 8 ],
         "target" : [
            [ 0, 0, 5 ],
            [ 1, 0, 5 ],
            [ 2, 0, 5 ]
         ]
      },
      {
         "position" : [ 1, 0, 13 ],
         "target" : [
            [ 5, 0, 9 ],
            [ 6, 0, 9 ],
            [ 7, 0, 9 ]
         ]
      },
      {
         "position" : [ 6, 0, 16 ],
         "target" : [
            [ 0, 0, 14 ],
            [ 1, 0, 14 ],
            [ 2, 0, 14 ]
         ]
      },
      {
         "position" : [ 1, 0, 18 ],
         "target" : [
            [ 5, 0, 17 ],
            [ 6, 0, 17 ],
            [ 7, 0, 17 ]
         ]
      },
      {
         "position" : [ 6, 0, 21 ],
         "target" : [
            [ 0, 0, 19 ],
            [ 1, 0, 19 ],
            [ 2, 0, 19 ]
         ]
      },
      {
         "position" : [ 1, 0, 23 ],
         "target" : [
            [ 5, 0, 22 ],
            [ 6, 0, 22 ],
            [ 7, 0, 22 ]
         ]
      },
      {
         "position" : [ 6, 0, 28 ],
         "target" : [
            [ 3, 0, 27 ],
            [ 4, 0, 27 ]
         ]
      },
      {
         "position" : [ 1, 0, 32 ],
         "target" : [
            [ 3, 0, 32 ],
            [ 4, 0, 32 ]
         ]
      }
   ],
   "x_offset" : 0
}
