{
   "auto_collapse" : 6,
   "bg_color" : [ 0.66666700000000001, 0.66666700000000001, 0.66666700000000001 ],
   "body" : [
      [ 0, 0, 0, -1, -1, 0, 0, 0 ],
      [ 0, 0, 0, -1, -1, 0, 0, 0 ],
      [ 0, 0, 0, -1, -1, 0, 0, 0 ],
      [ 0, 0, 0, -1, -1, 0, 0, 0 ],
      [ 0, 0, 0, -1, -1, 0, 0, 0 ],
      [ 1, 1, 1, -1, -1, 0, 0, 0 ],
      [ 0, 0, 0, 0, 0, 0, 0, 0 ],
      [ 0, 0, 0, 0, 0, 0, 0, 0 ],
      [ 0, 0, 0, 0, 0, 0, 0, 0 ],
      [ -1, -1, 0, 0, 0, 0, -1, -1 ],
      [ -1, -1, 0, 0, 0, 0, -1, -1 ],
      [ -1, -1, 0, 0, 0, 0, -1, -1 ],
      [ -1, -1, 0, 0, 0, 0, -1, -1 ],
      [ -1, -1, 0, 0, 0, 0, -1, -1 ],
      [ -1, -1, 0, 0, 0, 0, -1, -1 ],
      [ -1, -1, -1, 0, 0, -1, -1, -1 ],
      [ -1, -1, -1, 0, 0, -1, -1, -1 ],
      [ -1, -1, -1, 0, 0, 0, 0, -1 ],
      [ -1, -1, -1, 0, 0, 0, 0, -1 ],
      [ -1, -1, -1, -1, -1, 0, 0, -1 ],
      [ -1, -1, -1, -1, -1, 0, 0, -1 ],
      [ 0, 0, 0, 0, 0, 0, 0, -1 ],
      [ 0, 0, 0, 0, 0, 0, 0, -1 ],
      [ 0, 0, -1, -1, -1, -1, -1, -1 ],
      [ 0, 0, -1, -1, -1, -1, -1, -1 ],
      [ 0, 0, -1, -1, -1, -1, -1, -1 ],
      [ 0, 0, 0, 0, 0, 0, 0, -1 ],
      [ 0, 0, 0, 0, 0, 0, 0, -1 ],
      [ -1, -1, -1, -1, -1, 0, 0, -1 ],
      [ -1, -1, -1, -1, -1, 0, 0, -1 ],
      [ -1, -1, -1, -1, -1, 0, 0, -1 ],
      [ -1, -1, -1, -1, -1, 0, 0, -1 ],
      [ -1, -1, -1, -1, -1, 0, 0, -1 ],
      [ -1, -1, -1, -1, -1, 0, 0, -1 ],
      [ -1, -1, -1, -1, -1, 0, 0, -1 ],
      [ -1, -1, -1, -1, -1, 0, 0, -1 ],
      [ -1, -1, -1, -1, -1, 0, 0, -1 ],
      [ 0, 0, 0, 0, 0, 0, 0, -1 ],
      [ 0, 0, 0, 0, 0, 0, 0, -1 ],
      [ 0, 0, -1, -1, -1, -1, -1, -1 ],
      [ 0, 0, -1, -1, -1, -1, -1, -1 ],
      [ 0, 0, 0, 0, 0, 0, 0, 0 ],
      [ 0, 0, 0, 0, 0, 0, 0, 0 ],
      [ -1, -1, -1, -1, -1, -1, 0, 0 ],
      [ -1, -1, -1, -1, -1, -1, 0, 0 ],
      [ -1, -1, -1, -1, -1, -1, 0, 0 ],
      [ -1, -1, -1, -1, -1, -1, 0, 0 ],
      [ -1, -1, -1, -1, -1, -1, 0, 0 ],
      [ -1, -1, -1, -1, -1, -1, 0, 0 ],
      [ -1, -1, -1, -1, -1, -1, 0, 0 ]
   ],
   "build_speed" : 0.55000001192092896,
   "camera" : "normal",
   "collapse_speed" : 0.60000002384185791,
   "color" : [ 0.89411799999999997, 0, 0.49803900000000001 ],
   "falling" : [
      {
         "delay" : 0,
         "entry" : [ 6, 0, 46 ],
         "interval" : 0.45000000000000001
      },
      {
         "delay" : 0,
         "entry" : [ 7, 0, 46 ],
         "interval" : 0.45000000000000001
      }
   ],
   "items" : [
      [ 1, 0, 4 ],
      [ 4, 0, 13 ],
      [ 2, 0, 21 ],
      [ 5, 0, 26 ],
      [ 6, 0, 33 ],
      [ 0, 0, 40 ],
      [ 6, 0, 48 ],
      [ 7, 0, 48 ]
   ],
   "light_tween" : "default",
   "moving" : [
      {
         "entry" : [ 3, 0, 11 ],
         "pattern" : [ 6, 4, 4, 4, 6, 6 ]
      }
   ],
   "oneways" : [
      {
         "direction" : "right",
         "position" : [ 4, 0, 21 ],
         "power" : 7
      },
      {
         "direction" : "right",
         "position" : [ 4, 0, 22 ],
         "power" : 7
      },
      {
         "direction" : "left",
         "position" : [ 2, 0, 26 ],
         "power" : 7
      },
      {
         "direction" : "left",
         "position" : [ 2, 0, 27 ],
         "power" : 7
      },
      {
         "direction" : "right",
         "position" : [ 3, 0, 37 ],
         "power" : 3
      },
      {
         "direction" : "right",
         "position" : [ 3, 0, 38 ],
         "power" : 3
      },
      {
         "direction" : "left",
         "position" : [ 2, 0, 41 ],
         "power" : 8
      },
      {
         "direction" : "left",
         "position" : [ 2, 0, 42 ],
         "power" : 8
      }
   ],
   "pickable" : 1,
   "switches" : [
      {
         "position" : [ 6, 0, 5 ],
         "target" : [
            [ 0, 0, 5 ],
            [ 1, 0, 5 ],
            [ 2, 0, 5 ]
         ]
      }
   ],
   "x_offset" : 0
}
