{
   "stage" : {
      "bg_color" : [ 0.7843140, 0.7843140, 0.7843140 ],
      "body" : [
         [ 0, 0, 0, 0, 0, 0, 0, 0 ],
         [ 0, 0, 0, 0, 0, 0, 0, 0 ],
         [ 0, 0, 0, 0, 0, 0, 0, 0 ],
         [ 0, 0, 0, 0, 0, 0, 0, 0 ],
         [ 1, 1, 1, 1, 1, 1, 1, 1 ]
      ],
      "color" : [ 0.80, 0.80, 0.80 ],
      "light_tween" : "default",
      "pickable" : 0,
      "x_offset" : 0
   }
}
