{
   "bg_color" : [ 0.39215699999999998, 0.39215699999999998, 0.39215699999999998 ],
   "body" : [
      [ 0, 0, 0, 0, 0, 0, 0, 0 ],
      [ 0, 0, 0, 0, 0, 0, 0, 0 ],
      [ 0, 0, 0, 0, 0, 0, 0, 0 ],
      [ 0, 0, 0, 0, 0, 0, 0, 0 ],
      [ 1, 1, 1, 1, 1, 1, 1, 1 ]
   ],
   "camera" : "normal",
   "color" : [ 0.80000000000000004, 0.80000000000000004, 0.80000000000000004 ],
   "light_tween" : "finish",
   "pickable" : 0,
   "x_offset" : 0
}
