{
   "auto_collapse" : 6.5,
   "bg_color" : [ 0.58823499999999995, 0.58823499999999995, 0.58823499999999995 ],
   "body" : [
      [ 0, 0, 0, 0, 0, 0, 0, 0 ],
      [ 0, 0, 0, 0, 0, 0, 0, 0 ],
      [ -1, -1, 0, 0, 0, 0, -1, -1 ],
      [ -1, -1, 0, 0, 0, 0, -1, -1 ],
      [ -1, -1, -1, 0, 0, -1, -1, -1 ],
      [ -1, -1, -1, 0, 0, -1, -1, -1 ],
      [ -1, -1, -1, 0, 0, -1, -1, -1 ],
      [ -1, -1, -1, 0, 0, -1, -1, -1 ],
      [ 0, 0, 0, 0, 0, 0, 0, 0 ],
      [ 0, 0, 0, 0, 0, 0, 0, 0 ],
      [ 0, 0, 0, 0, 0, 0, 0, 0 ],
      [ 0, 0, 0, 0, 0, 0, 0, 0 ],
      [ 0, 0, 0, 0, 0, 0, 0, 0 ],
      [ 0, 0, 0, 0, 0, 0, 0, 0 ],
      [ -1, 0, 0, 0, 0, 0, 0, -1 ],
      [ -1, 0, 0, 0, 0, 0, 0, -1 ],
      [ -1, 0, -1, -1, -1, -1, 0, -1 ],
      [ -1, 0, -1, -1, -1, -1, 0, -1 ],
      [ 0, 0, -1, -1, -1, -1, 0, 0 ],
      [ 0, -1, -1, -1, -1, -1, -1, 0 ],
      [ 0, -1, -1, -1, -1, -1, -1, 0 ],
      [ 0, -1, -1, 0, 0, -1, -1, 0 ],
      [ 0, 0, 0, 0, 0, 0, 0, 0 ],
      [ 0, 0, 0, 0, 0, 0, 0, 0 ],
      [ 0, 0, 0, 0, 0, 0, 0, 0 ]
   ],
   "build_speed" : 0.5,
   "camera" : "normal",
   "collapse_speed" : 0.80000001192092896,
   "color" : [ 0.43137300000000001, 0.72548999999999997, 0.92941200000000002 ],
   "items" : [
      [ 3, 0, 5 ],
      [ 3, 0, 8 ],
      [ 5, 0, 11 ],
      [ 5, 0, 14 ],
      [ 3, 0, 21 ],
      [ 4, 0, 21 ]
   ],
   "light_tween" : "default",
   "pickable" : 0,
   "x_offset" : 0
}
