{
   "auto_collapse" : 7,
   "bg_color" : [ 0.62745099999999998, 0.62745099999999998, 0.62745099999999998 ],
   "body" : [
      [ -1, -1, -1, -1, -1, 0, 0, 0, 0, -1, -1, -1, -1, -1 ],
      [ -1, -1, -1, -1, -1, 0, 0, 0, 0, -1, -1, -1, -1, -1 ],
      [ -1, -1, -1, -1, -1, 0, 0, 0, 0, -1, -1, -1, -1, -1 ],
      [ -1, -1, -1, -1, -1, 0, 0, 0, 0, -1, -1, -1, -1, -1 ],
      [ -1, -1, -1, -1, -1, 0, 0, 0, 0, 0, 0, 0, 0, 0 ],
      [ -1, -1, -1, -1, -1, 0, 0, 0, 0, 0, 0, 0, 0, 0 ],
      [ -1, -1, -1, -1, -1, 0, 0, 0, 0, 0, 0, 0, 0, 0 ],
      [ -1, -1, -1, -1, -1, 0, 0, 0, 0, 0, 0, 0, 0, 0 ],
      [ -1, -1, -1, -1, -1, -1, -1, -1, -1, -1, -1, 0, 0, 0 ],
      [ -1, -1, -1, -1, -1, -1, -1, -1, -1, -1, -1, 0, 0, 0 ],
      [ -1, -1, -1, -1, -1, -1, -1, -1, -1, -1, -1, 0, 0, 0 ],
      [ -1, -1, -1, -1, -1, -1, -1, -1, -1, -1, -1, 0, 0, 0 ],
      [ -1, -1, -1, -1, -1, -1, -1, -1, -1, -1, -1, 0, 0, 0 ],
      [ -1, -1, -1, -1, -1, -1, 0, 0, 0, 0, 0, 0, 0, 0 ],
      [ -1, -1, -1, -1, -1, -1, 0, 0, 0, 0, 0, 0, 0, 0 ],
      [ -1, -1, -1, -1, -1, -1, 0, 0, 0, 0, 0, 0, 0, 0 ],
      [ -1, -1, -1, -1, -1, -1, 0, 0, 0, -1, -1, -1, -1, -1 ],
      [ -1, -1, -1, -1, -1, -1, 0, 0, 0, -1, -1, -1, -1, -1 ],
      [ -1, -1, -1, -1, -1, -1, 0, 0, 0, -1, -1, -1, -1, -1 ],
      [ -1, -1, -1, -1, -1, -1, 0, 0, 0, 0, 0, 0, -1, -1 ],
      [ -1, -1, -1, -1, -1, -1, 0, 0, 0, 0, 0, 0, -1, -1 ],
      [ -1, -1, -1, -1, -1, -1, 0, 0, 0, 0, 0, 0, -1, -1 ],
      [ -1, -1, -1, -1, -1, -1, -1, -1, -1, 0, 0, 0, -1, -1 ],
      [ 0, 0, 0, 0, 0, 0, 0, 0, 0, 0, 0, 0, -1, -1 ],
      [ 0, 0, 0, 0, 0, 0, 0, 0, 0, 0, 0, 0, -1, -1 ],
      [ 0, 0, 0, 0, 0, 0, 0, 0, 0, 0, 0, 0, -1, -1 ],
      [ 0, 0, -1, -1, -1, -1, -1, -1, -1, -1, -1, -1, -1, -1 ],
      [ 0, 0, 0, 0, 0, 0, 0, 0, -1, -1, -1, -1, -1, -1 ],
      [ 0, 0, 0, 0, 0, 0, 0, 0, -1, -1, -1, -1, -1, -1 ],
      [ -1, -1, -1, -1, -1, -1, 0, 0, -1, -1, -1, -1, -1, -1 ]
   ],
   "build_speed" : 0.5,
   "camera" : "normal",
   "collapse_speed" : 0.69999998807907104,
   "color" : [ 0, 0.59999999999999998, 0.26666699999999999 ],
   "items" : [
      [ 8, 0, 7 ],
      [ 11, 0, 7 ],
      [ 8, 0, 15 ],
      [ 11, 0, 15 ],
      [ 9, 0, 22 ],
      [ 1, 0, 26 ],
      [ 4, 0, 27 ],
      [ 7, 0, 27 ]
   ],
   "light_tween" : "default",
   "moving" : [
      {
         "entry" : [ 7, 0, 5 ],
         "pattern" : [ 0, 6, 0, 4 ]
      },
      {
         "entry" : [ 12, 0, 9 ],
         "pattern" : [ 0, 6, 0, 4 ]
      },
      {
         "entry" : [ 7, 0, 17 ],
         "pattern" : [ 0, 4, 0, 6, 0, 6, 0, 4 ]
      },
      {
         "entry" : [ 3, 0, 24 ],
         "pattern" : [ 0, 2, 0, 8, 0, 8, 0, 2 ]
      },
      {
         "entry" : [ 7, 0, 24 ],
         "pattern" : [ 0, 2, 0, 8, 0, 8, 0, 2 ]
      }
   ],
   "pickable" : 1,
   "x_offset" : -3
}
