{
   "auto_collapse" : 6.0,
   "bg_color" : [ 0.1960780, 0.1960780, 0.1960780 ],
   "body" : [
      [ 0, 0, 0, 0, 0, 0, 0, 0 ],
      [ 0, 0, 0, 0, 0, 0, 0, 0 ],
      [ 0, 0, 0, 0, 0, 0, 0, 0 ],
      [ 0, 0, 0, 0, 0, 0, 0, 0 ],
      [ 0, 0, 0, 0, 0, 0, 0, 0 ],
      [ 0, 0, 0, 0, 0, 0, 0, 0 ],
      [ 0, 0, 0, 0, 0, 0, 0, 0 ],
      [ 0, 0, 0, 0, 0, 0, 0, 0 ],
      [ -1, 0, 0, 0, 0, 0, 0, -1 ],
      [ -1, 0, 0, 0, 0, 0, 0, -1 ],
      [ -1, 0, 0, 0, 0, 0, 0, -1 ],
      [ -1, 0, 0, 0, 0, 0, 0, -1 ],
      [ -1, 0, 0, 0, 0, 0, 0, -1 ],
      [ -1, 0, 0, 0, 0, 0, 0, -1 ],
      [ -1, 0, 0, 0, 0, 0, 0, -1 ],
      [ -1, 0, 0, 0, 0, 0, 0, -1 ],
      [ -1, 0, 0, 0, 0, 0, 0, -1 ],
      [ -1, 0, 0, 0, 0, 0, 0, -1 ],
      [ -1, -1, 0, 0, 0, 0, -1, -1 ],
      [ -1, -1, 0, 0, 0, 0, -1, -1 ],
      [ -1, -1, 0, 0, 0, 0, -1, -1 ],
      [ -1, -1, 0, 0, 0, 0, -1, -1 ],
      [ -1, -1, 0, 0, 0, 0, -1, -1 ],
      [ -1, -1, 0, 0, 0, 0, -1, -1 ],
      [ -1, -1, 0, 0, 0, 0, -1, -1 ],
      [ -1, -1, 0, 0, 0, 0, -1, -1 ],
      [ -1, -1, 0, 0, 0, 0, -1, -1 ],
      [ -1, -1, 0, 0, 0, 0, -1, -1 ],
      [ -1, -1, -1, 0, 0, -1, -1, -1 ],
      [ -1, -1, -1, 0, 0, -1, -1, -1 ],
      [ -1, -1, -1, 0, 0, -1, -1, -1 ],
      [ -1, -1, -1, 0, 0, -1, -1, -1 ],
      [ -1, -1, -1, 0, 0, -1, -1, -1 ],
      [ -1, -1, -1, 0, 0, -1, -1, -1 ],
      [ -1, -1, -1, 0, 0, -1, -1, -1 ],
      [ -1, -1, -1, 0, 0, -1, -1, -1 ],
      [ -1, -1, -1, 0, 0, -1, -1, -1 ],
      [ -1, -1, -1, 0, 0, -1, -1, -1 ],
      [ -1, -1, -1, 0, 0, -1, -1, -1 ],
      [ -1, -1, -1, 0, 0, -1, -1, -1 ],
      [ -1, -1, -1, 0, 0, 0, 0, 0 ],
      [ -1, -1, -1, 0, 0, 0, 0, 0 ],
      [ -1, -1, -1, -1, -1, -1, 0, 0 ],
      [ -1, -1, -1, -1, -1, -1, 0, 0 ],
      [ -1, -1, -1, -1, -1, -1, 0, 0 ],
      [ -1, -1, -1, -1, -1, -1, 0, 0 ],
      [ -1, 0, 0, 0, 0, 0, 0, 0 ],
      [ -1, 0, 0, 0, 0, 0, 0, 0 ],
      [ -1, 0, 0, -1, -1, -1, -1, -1 ],
      [ -1, 0, 0, -1, -1, -1, -1, -1 ]
   ],
   "build_speed" : 0.50,
   "camera" : "normal",
   "collapse_speed" : 0.50,
   "color" : [ 0.8941180, 0, 0.4980390 ],
   "falling" : [
      {
         "delay" : 0,
         "entry" : [ 3, 0, 35 ],
         "interval" : 0.80
      },
      {
         "delay" : 0,
         "entry" : [ 4, 0, 35 ],
         "interval" : 0.70
      }
   ],
   "items" : [
      [ 2, 0, 3 ],
      [ 5, 0, 3 ],
      [ 2, 0, 6 ],
      [ 5, 0, 6 ],
      [ 4, 0, 10 ],
      [ 3, 0, 13 ],
      [ 4, 0, 16 ],
      [ 3, 0, 21 ],
      [ 4, 0, 25 ],
      [ 3, 0, 32 ],
      [ 7, 0, 40 ],
      [ 7, 0, 47 ],
      [ 1, 0, 48 ],
      [ 2, 0, 48 ]
   ],
   "light_tween" : "default",
   "moving" : [
      {
         "entry" : [ 4, 0, 17 ],
         "pattern" : [ 6, 6, 6, 4, 4, 4, 4, 4, 6, 6 ]
      }
   ],
   "oneways" : [
      {
         "direction" : "up",
         "position" : [ 3, 0, 30 ],
         "power" : 6
      },
      {
         "direction" : "up",
         "position" : [ 4, 0, 30 ],
         "power" : 6
      },
      {
         "direction" : "down",
         "position" : [ 3, 0, 41 ],
         "power" : 2
      },
      {
         "direction" : "down",
         "position" : [ 4, 0, 41 ],
         "power" : 2
      }
   ],
   "pickable" : 1,
   "x_offset" : 0
}
