{
   "auto_collapse" : 6,
   "bg_color" : [ 0.39215699999999998, 0.39215699999999998, 0.39215699999999998 ],
   "body" : [
      [ 0, 0, 0, 0, 0, 0, 0, 0 ],
      [ 0, 0, 0, 0, 0, 0, 0, 0 ],
      [ -1, 0, 0, -1, -1, 0, 0, -1 ],
      [ -1, 0, 0, -1, -1, 0, 0, -1 ],
      [ -1, 0, 0, -1, -1, 0, 0, -1 ],
      [ -1, 0, 0, -1, -1, 0, 0, -1 ],
      [ -1, 0, 0, -1, -1, 0, 0, -1 ],
      [ -1, 0, 0, -1, -1, 0, 0, -1 ],
      [ -1, 0, 0, -1, -1, 0, 0, -1 ],
      [ 0, 0, 0, 0, 0, 0, 0, 0 ],
      [ 0, 0, 0, 0, 0, 0, 0, 0 ],
      [ 0, 0, -1, -1, -1, -1, 0, 0 ],
      [ 0, 0, -1, -1, -1, -1, 0, 0 ],
      [ 0, 0, -1, -1, -1, -1, 0, 0 ],
      [ 0, 0, -1, -1, -1, -1, 0, 0 ],
      [ 0, 0, -1, -1, -1, -1, 0, 0 ],
      [ 0, 0, -1, -1, -1, -1, 0, 0 ],
      [ 0, 0, -1, -1, -1, -1, 0, 0 ],
      [ 0, 0, 0, 0, 0, 0, 0, 0 ],
      [ 0, 0, 0, 0, 0, 0, 0, 0 ],
      [ -1, 0, 0, 0, 0, 0, 0, 0 ],
      [ -1, -1, 0, 0, 0, 0, 0, -1 ],
      [ -1, 0, 0, 0, 0, 0, -1, -1 ],
      [ 0, 0, 0, 0, 0, -1, -1, -1 ],
      [ 0, 0, 0, 0, -1, -1, -1, -1 ],
      [ 0, 0, 0, -1, -1, -1, -1, -1 ],
      [ 0, 0, 0, -1, -1, -1, -1, -1 ],
      [ 0, 0, 0, 0, -1, -1, -1, -1 ],
      [ 0, 0, 0, 0, 0, -1, -1, -1 ],
      [ 0, 0, 0, 0, 0, 0, -1, -1 ],
      [ 0, 0, 0, 0, 0, 0, 0, -1 ],
      [ 0, 0, 0, 0, 0, 0, 0, 0 ],
      [ 0, 0, 0, 0, 0, 0, 0, -1 ],
      [ 0, 0, 0, 0, 0, -1, 0, -1 ],
      [ 0, 0, 0, -1, 0, -1, 0, 0 ],
      [ 0, -1, 0, -1, 0, 0, -1, 0 ],
      [ 0, -1, 0, 0, -1, 0, -1, 0 ],
      [ 0, 0, -1, 0, -1, 0, -1, 0 ],
      [ -1, 0, -1, 0, -1, 0, -1, 0 ],
      [ -1, 0, -1, 0, -1, 0, -1, 0 ]
   ],
   "build_speed" : 0.5,
   "camera" : "normal",
   "collapse_speed" : 0.5,
   "color" : [ 0.94117700000000004, 0.94117700000000004, 0.94117700000000004 ],
   "falling" : [
      {
         "delay" : 0,
         "entry" : [ 1, 0, 31 ],
         "interval" : 0.65000000000000002
      },
      {
         "delay" : 0,
         "entry" : [ 4, 0, 31 ],
         "interval" : 0.69999999999999996
      }
   ],
   "items" : [
      [ 2, 0, 8 ],
      [ 5, 0, 8 ],
      [ 0, 0, 19 ],
      [ 7, 0, 19 ],
      [ 7, 0, 35 ],
      [ 5, 0, 36 ],
      [ 3, 0, 37 ],
      [ 1, 0, 38 ]
   ],
   "light_tween" : "default",
   "moving" : [
      {
         "entry" : [ 4, 0, 19 ],
         "pattern" : [ 2, 0, 8, 0, 8, 0, 2, 0 ]
      }
   ],
   "oneways" : [
      {
         "direction" : "up",
         "position" : [ 1, 0, 2 ],
         "power" : 5
      },
      {
         "direction" : "up",
         "position" : [ 2, 0, 2 ],
         "power" : 5
      },
      {
         "direction" : "up",
         "position" : [ 5, 0, 2 ],
         "power" : 5
      },
      {
         "direction" : "up",
         "position" : [ 6, 0, 2 ],
         "power" : 5
      },
      {
         "direction" : "up",
         "position" : [ 0, 0, 15 ],
         "power" : 5
      },
      {
         "direction" : "up",
         "position" : [ 7, 0, 15 ],
         "power" : 5
      },
      {
         "direction" : "up",
         "position" : [ 6, 0, 30 ],
         "power" : 4
      },
      {
         "direction" : "up",
         "position" : [ 0, 0, 31 ],
         "power" : 6
      }
   ],
   "pickable" : 0,
   "x_offset" : 0
}
