{
   "auto_collapse" : 6,
   "bg_color" : [ 0.70588200000000001, 0.70588200000000001, 0.70588200000000001 ],
   "body" : [
      [ -1, -1, -1, -1, 0, 0, 0, 0, -1, -1, -1, -1 ],
      [ -1, -1, -1, -1, 0, 0, 0, 0, -1, -1, -1, -1 ],
      [ -1, -1, -1, -1, 0, 0, 0, 0, -1, -1, -1, -1 ],
      [ -1, -1, -1, -1, 0, 0, 0, 0, -1, -1, -1, -1 ],
      [ -1, 0, 0, 0, 0, 0, 0, 0, 0, 0, 0, -1 ],
      [ -1, 0, 0, 0, 0, 0, 0, 0, 0, 0, 0, -1 ],
      [ -1, 0, 0, -1, -1, -1, -1, -1, -1, 0, 0, -1 ],
      [ -1, 0, 0, -1, -1, -1, -1, -1, -1, 0, 0, -1 ],
      [ -1, 0, 0, -1, -1, -1, -1, -1, -1, 0, 0, -1 ],
      [ -1, 0, 0, -1, -1, -1, -1, -1, -1, 0, 0, -1 ],
      [ -1, 0, 0, -1, -1, -1, -1, -1, -1, 0, 0, -1 ],
      [ -1, -1, 0, -1, -1, -1, -1, -1, -1, 0, -1, -1 ],
      [ -1, -1, 0, -1, -1, -1, -1, -1, -1, 0, -1, -1 ],
      [ -1, -1, 0, -1, -1, -1, -1, -1, -1, 0, -1, -1 ],
      [ -1, -1, 0, 0, -1, -1, -1, -1, 0, 0, -1, -1 ],
      [ -1, -1, 0, 0, -1, -1, -1, -1, 0, 0, -1, -1 ],
      [ -1, -1, 0, 0, -1, -1, -1, -1, 0, 0, -1, -1 ],
      [ -1, -1, 0, 0, -1, -1, -1, -1, 0, 0, -1, -1 ],
      [ -1, -1, 0, 0, 0, 0, 0, 0, 0, 0, -1, -1 ],
      [ -1, -1, 0, 0, 0, 0, 0, 0, 0, 0, -1, -1 ],
      [ -1, -1, -1, -1, -1, 0, 0, -1, -1, -1, -1, -1 ],
      [ -1, -1, -1, -1, -1, 0, 0, -1, -1, -1, -1, -1 ],
      [ -1, -1, 0, 0, 0, 0, 0, 0, 0, 0, 0, -1 ],
      [ -1, -1, 0, 0, 0, 0, 0, 0, 0, 0, 0, -1 ],
      [ -1, -1, 0, 0, 0, 0, 0, 0, 0, 0, 0, 0 ],
      [ -1, -1, 0, 0, -1, -1, -1, -1, -1, -1, 0, 0 ],
      [ -1, -1, 0, 0, -1, -1, -1, -1, -1, -1, 0, 0 ],
      [ -1, -1, 0, 0, -1, -1, -1, -1, -1, -1, 0, 0 ],
      [ -1, -1, 0, 0, -1, -1, 0, 0, -1, -1, 0, 0 ],
      [ -1, -1, 0, 0, 0, 0, 0, 0, 0, 0, 0, 0 ],
      [ -1, -1, 0, 0, 0, 0, 0, 0, 0, 0, 0, 0 ],
      [ -1, -1, 0, 0, 0, 0, 0, 0, 0, 0, 0, 0 ],
      [ -1, -1, 0, 0, 0, 0, 0, 0, 0, 0, 0, 0 ],
      [ -1, -1, 0, 0, 0, 0, 0, 0, 0, 0, -1, -1 ],
      [ -1, -1, 0, 0, 0, 0, 0, 0, 0, 0, -1, -1 ]
   ],
   "build_speed" : 0.5,
   "camera" : "reverse",
   "collapse_speed" : 0.5,
   "color" : [ 0.45490199999999997, 0.270588, 0.66666700000000001 ],
   "items" : [
      [ 1, 0, 10 ],
      [ 10, 0, 10 ],
      [ 3, 0, 15 ],
      [ 8, 0, 15 ],
      [ 5, 0, 21 ],
      [ 6, 0, 21 ],
      [ 3, 0, 33 ],
      [ 8, 0, 33 ]
   ],
   "light_tween" : "default",
   "oneways" : [
      {
         "direction" : "up",
         "position" : [ 1, 0, 5 ],
         "power" : 5
      },
      {
         "direction" : "right",
         "position" : [ 5, 0, 5 ],
         "power" : 4
      },
      {
         "direction" : "left",
         "position" : [ 6, 0, 5 ],
         "power" : 4
      },
      {
         "direction" : "up",
         "position" : [ 10, 0, 5 ],
         "power" : 5
      },
      {
         "direction" : "up",
         "position" : [ 2, 0, 10 ],
         "power" : 6
      },
      {
         "direction" : "up",
         "position" : [ 9, 0, 10 ],
         "power" : 6
      },
      {
         "direction" : "left",
         "position" : [ 3, 0, 19 ],
         "power" : 2
      },
      {
         "direction" : "right",
         "position" : [ 8, 0, 19 ],
         "power" : 2
      },
      {
         "direction" : "up",
         "position" : [ 3, 0, 24 ],
         "power" : 5
      },
      {
         "direction" : "down",
         "position" : [ 5, 0, 24 ],
         "power" : 3
      },
      {
         "direction" : "down",
         "position" : [ 6, 0, 24 ],
         "power" : 3
      },
      {
         "direction" : "up",
         "position" : [ 11, 0, 24 ],
         "power" : 5
      },
      {
         "direction" : "left",
         "position" : [ 3, 0, 29 ],
         "power" : 2
      },
      {
         "direction" : "up",
         "position" : [ 5, 0, 29 ],
         "power" : 3
      },
      {
         "direction" : "up",
         "position" : [ 11, 0, 29 ],
         "power" : 3
      },
      {
         "direction" : "right",
         "position" : [ 5, 0, 32 ],
         "power" : 2
      },
      {
         "direction" : "right",
         "position" : [ 11, 0, 32 ],
         "power" : 3
      }
   ],
   "pickable" : 0,
   "x_offset" : -2
}
