{
   "bg_color" : [ 0.235294, 0.235294, 0.235294 ],
   "body" : [
      [ 0, 0, 0, 0, 0, 0, 0, 0 ],
      [ 0, 0, 0, 0, 0, 0, 0, 0 ],
      [ 0, 0, 0, 0, 0, 0, 0, 0 ],
      [ 0, 0, 0, 0, 0, 0, 0, 0 ],
      [ 1, 1, 1, 1, 1, 1, 1, 1 ]
   ],
   "build_speed" : 0.20000000298023224,
   "camera" : "normal",
   "color" : [ 0.62745099999999998, 0.62745099999999998, 0.62745099999999998 ],
   "light_tween" : "start",
   "pickable" : 1,
   "x_offset" : 0
}
