{
   "stage" : {
      "bg_color" : [ 0.2980390, 0.2980390, 0.2980390 ],
      "body" : [
         [ 0, 0, 0, 0, 0, 0, 0, 0 ],
         [ 0, 0, 0, 0, 0, 0, 0, 0 ],
         [ 0, 0, 0, 0, 0, 0, 0, 0 ],
         [ 0, 0, 0, 0, 0, 0, 0, 0 ],
         [ 1, 1, 1, 1, 1, 1, 1, 1 ]
      ],
      "build_speed" : 0.2000000029802322,
      "color" : [ 0.6235290, 0.6274510, 0.6274510 ],
      "light_tween" : "default",
      "pickable" : 1,
      "x_offset" : 0
   }
}
