{
   "bg_color" : [ 0.3921570, 0.3921570, 0.3921570 ],
   "body" : [
      [ 0, 0, 0, 0, 0, 0, 0, 0 ],
      [ 0, 0, 0, 0, 0, 0, 0, 0 ],
      [ 0, 0, 0, 0, 0, 0, 0, 0 ],
      [ 0, 0, 0, 0, 0, 0, 0, 0 ],
      [ 1, 1, 1, 1, 1, 1, 1, 1 ]
   ],
   "build_speed" : 0.2000000029802322,
   "camera" : "normal",
   "color" : [ 0.6274510, 0.6274510, 0.6274510 ],
   "light_tween" : "default",
   "pickable" : 1,
   "x_offset" : 0
}
